{"Replay memory size":200000,"Average reward (last 100)":7.65,"Loss":0.005665736549447308,"Reward per episode":11,"Average episode time":2.7435782742500305,"_runtime":5609.280022685,"Episode time":3.333972454071045,"Frames seen":913896,"_wandb":{"runtime":5610},"Epsilon":0.1,"_step":3724,"_timestamp":1.7431556834186811e+09}