{"Average reward (last 100)":0,"Reward per episode":0,"Epsilon":1,"Episode time":0.13852262496948242,"Timestep":1118,"_step":10,"Replay memory size":1118,"_wandb":{"runtime":2},"_runtime":2.402887404,"_timestamp":1.7433585226337419e+09,"Average episode time":0.17079351165077902}