{"_runtime":8.416891499,"Average episode time":0.3014022662089421,"_wandb":{"runtime":8},"Reward per episode":3,"_step":25,"Replay memory size":4654,"Average reward (last 100)":1.1153846153846154,"_timestamp":1.7431481817359626e+09,"Episode time":0.3943977355957031,"Frames seen":4654,"Epsilon":1}