{"_runtime":314.684557795,"Reward per episode":0,"Average reward (last 100)":1.04,"_wandb":{"runtime":315},"Replay memory size":81059,"Average episode time":1.2258496379852295,"Frames seen":81059,"Episode time":1.027756929397583,"Epsilon":0.9961175000003194,"_step":456,"Loss":0.004218653847745277,"_timestamp":1.7431500260064461e+09}