{"Average episode time":0.4839996600151062,"Episode time":0.38901472091674805,"Timestep":91990,"Replay memory size":91990,"_step":127,"_timestamp":1.7433676545664032e+09,"Reward per episode":0,"_runtime":63.519252031,"Epsilon":1,"Average reward (last 100)":1.37,"_wandb":{"runtime":64}}