{"Reward per episode":0,"Frames seen":51135,"Loss":0.0033948804872731366,"_runtime":131.984508863,"_wandb":{"runtime":141},"_step":295,"Average reward (last 100)":0.85,"Episode time":6.606713771820068,"Epsilon":0.9985799999999907,"Replay memory size":51135,"_timestamp":1.7431174799539518e+09,"Average episode time":0.8037820339202881}